curriculum_system,curriculum_status,key_stage,level,module,strand_zh,strand_en,unit_code,unit_order,unit_name_zh,unit_name_en,curriculum_tier,grade_assignment_policy,source_doc_ids,implementation_note
Hong Kong Mathematics Curriculum,current,KS1,P1,Primary Mathematics,數,Number,1N1,1,20以內的數,Numbers to 20,core,official_grade; within-grade sequence flexible,EDB-PMC-2017-ZH;EDB-PMC-2017-EN,
Hong Kong Mathematics Curriculum,current,KS1,P1,Primary Mathematics,數,Number,1N2,2,基本加法和減法,Basic addition and subtraction,core,official_grade; within-grade sequence flexible,EDB-PMC-2017-ZH;EDB-PMC-2017-EN,
Hong Kong Mathematics Curriculum,current,KS1,P1,Primary Mathematics,數,Number,1N3,3,100以內的數,Numbers to 100,core,official_grade; within-grade sequence flexible,EDB-PMC-2017-ZH;EDB-PMC-2017-EN,
Hong Kong Mathematics Curriculum,current,KS1,P1,Primary Mathematics,數,Number,1N4,4,加法和減法（一）,Addition and subtraction (I),core,official_grade; within-grade sequence flexible,EDB-PMC-2017-ZH;EDB-PMC-2017-EN,
Hong Kong Mathematics Curriculum,current,KS1,P1,Primary Mathematics,度量,Measures,1M1,5,長度和距離（一）,Length and distance (I),core,official_grade; within-grade sequence flexible,EDB-PMC-2017-ZH;EDB-PMC-2017-EN,
Hong Kong Mathematics Curriculum,current,KS1,P1,Primary Mathematics,度量,Measures,1M2,6,貨幣（一）,Money (I),core,official_grade; within-grade sequence flexible,EDB-PMC-2017-ZH;EDB-PMC-2017-EN,
Hong Kong Mathematics Curriculum,current,KS1,P1,Primary Mathematics,度量,Measures,1M3,7,長度和距離（二）,Length and distance (II),core,official_grade; within-grade sequence flexible,EDB-PMC-2017-ZH;EDB-PMC-2017-EN,
Hong Kong Mathematics Curriculum,current,KS1,P1,Primary Mathematics,度量,Measures,1M4,8,時間（一）,Time (I),core,official_grade; within-grade sequence flexible,EDB-PMC-2017-ZH;EDB-PMC-2017-EN,
Hong Kong Mathematics Curriculum,current,KS1,P1,Primary Mathematics,圖形與空間,Shape and Space,1S1,9,立體圖形（一）,3-D shapes (I),core,official_grade; within-grade sequence flexible,EDB-PMC-2017-ZH;EDB-PMC-2017-EN,
Hong Kong Mathematics Curriculum,current,KS1,P1,Primary Mathematics,圖形與空間,Shape and Space,1S2,10,平面圖形,2-D shapes,core,official_grade; within-grade sequence flexible,EDB-PMC-2017-ZH;EDB-PMC-2017-EN,
Hong Kong Mathematics Curriculum,current,KS1,P1,Primary Mathematics,圖形與空間,Shape and Space,1S3,11,方向和位置（一）,Directions and positions (I),core,official_grade; within-grade sequence flexible,EDB-PMC-2017-ZH;EDB-PMC-2017-EN,
Hong Kong Mathematics Curriculum,current,KS1,P1,Primary Mathematics,增潤課題,Enrichment Topics,1E1,12,簡單數獨,Simple Sudoku game,enrichment,official_grade; within-grade sequence flexible,EDB-PMC-2017-ZH;EDB-PMC-2017-EN,
Hong Kong Mathematics Curriculum,current,KS1,P1,Primary Mathematics,增潤課題,Enrichment Topics,1E2,13,分類方法,Sorting methods,enrichment,official_grade; within-grade sequence flexible,EDB-PMC-2017-ZH;EDB-PMC-2017-EN,
Hong Kong Mathematics Curriculum,current,KS1,P2,Primary Mathematics,數,Number,2N1,1,三位數,3-digit numbers,core,official_grade; within-grade sequence flexible,EDB-PMC-2017-ZH;EDB-PMC-2017-EN,
Hong Kong Mathematics Curriculum,current,KS1,P2,Primary Mathematics,數,Number,2N2,2,加法和減法（二）,Addition and subtraction (II),core,official_grade; within-grade sequence flexible,EDB-PMC-2017-ZH;EDB-PMC-2017-EN,
Hong Kong Mathematics Curriculum,current,KS1,P2,Primary Mathematics,數,Number,2N3,3,基本乘法,Basic multiplication,core,official_grade; within-grade sequence flexible,EDB-PMC-2017-ZH;EDB-PMC-2017-EN,
Hong Kong Mathematics Curriculum,current,KS1,P2,Primary Mathematics,數,Number,2N4,4,四位數,4-digit numbers,core,official_grade; within-grade sequence flexible,EDB-PMC-2017-ZH;EDB-PMC-2017-EN,
Hong Kong Mathematics Curriculum,current,KS1,P2,Primary Mathematics,數,Number,2N5,5,加法和減法（三）,Addition and subtraction (III),core,official_grade; within-grade sequence flexible,EDB-PMC-2017-ZH;EDB-PMC-2017-EN,
Hong Kong Mathematics Curriculum,current,KS1,P2,Primary Mathematics,數,Number,2N6,6,基本除法,Basic division,core,official_grade; within-grade sequence flexible,EDB-PMC-2017-ZH;EDB-PMC-2017-EN,
Hong Kong Mathematics Curriculum,current,KS1,P2,Primary Mathematics,度量,Measures,2M1,7,長度和距離（三）,Length and distance (III),core,official_grade; within-grade sequence flexible,EDB-PMC-2017-ZH;EDB-PMC-2017-EN,
Hong Kong Mathematics Curriculum,current,KS1,P2,Primary Mathematics,度量,Measures,2M2,8,時間（二）,Time (II),core,official_grade; within-grade sequence flexible,EDB-PMC-2017-ZH;EDB-PMC-2017-EN,
Hong Kong Mathematics Curriculum,current,KS1,P2,Primary Mathematics,度量,Measures,2M3,9,貨幣（二）,Money (II),core,official_grade; within-grade sequence flexible,EDB-PMC-2017-ZH;EDB-PMC-2017-EN,
Hong Kong Mathematics Curriculum,current,KS1,P2,Primary Mathematics,圖形與空間,Shape and Space,2S1,10,立體圖形（二）,3-D shapes (II),core,official_grade; within-grade sequence flexible,EDB-PMC-2017-ZH;EDB-PMC-2017-EN,
Hong Kong Mathematics Curriculum,current,KS1,P2,Primary Mathematics,圖形與空間,Shape and Space,2S2,11,角,Angles,core,official_grade; within-grade sequence flexible,EDB-PMC-2017-ZH;EDB-PMC-2017-EN,
Hong Kong Mathematics Curriculum,current,KS1,P2,Primary Mathematics,圖形與空間,Shape and Space,2S3,12,方向和位置（二）,Directions and positions (II),core,official_grade; within-grade sequence flexible,EDB-PMC-2017-ZH;EDB-PMC-2017-EN,
Hong Kong Mathematics Curriculum,current,KS1,P2,Primary Mathematics,圖形與空間,Shape and Space,2S4,13,四邊形（一）,Quadrilaterals (I),core,official_grade; within-grade sequence flexible,EDB-PMC-2017-ZH;EDB-PMC-2017-EN,
Hong Kong Mathematics Curriculum,current,KS1,P2,Primary Mathematics,數據處理,Data Handling,2D1,14,象形圖,Pictograms,core,official_grade; within-grade sequence flexible,EDB-PMC-2017-ZH;EDB-PMC-2017-EN,
Hong Kong Mathematics Curriculum,current,KS1,P2,Primary Mathematics,增潤課題,Enrichment Topics,2E1,15,記時及計時工具,Time-recording and timing devices,enrichment,official_grade; within-grade sequence flexible,EDB-PMC-2017-ZH;EDB-PMC-2017-EN,
Hong Kong Mathematics Curriculum,current,KS1,P2,Primary Mathematics,增潤課題,Enrichment Topics,2E2,16,方塊圖,Block charts,enrichment,official_grade; within-grade sequence flexible,EDB-PMC-2017-ZH;EDB-PMC-2017-EN,
Hong Kong Mathematics Curriculum,current,KS1,P3,Primary Mathematics,數,Number,3N1,1,五位數,5-digit numbers,core,official_grade; within-grade sequence flexible,EDB-PMC-2017-ZH;EDB-PMC-2017-EN,
Hong Kong Mathematics Curriculum,current,KS1,P3,Primary Mathematics,數,Number,3N2,2,乘法（一）,Multiplication (I),core,official_grade; within-grade sequence flexible,EDB-PMC-2017-ZH;EDB-PMC-2017-EN,
Hong Kong Mathematics Curriculum,current,KS1,P3,Primary Mathematics,數,Number,3N3,3,除法（一）,Division (I),core,official_grade; within-grade sequence flexible,EDB-PMC-2017-ZH;EDB-PMC-2017-EN,
Hong Kong Mathematics Curriculum,current,KS1,P3,Primary Mathematics,數,Number,3N4,4,四則運算（一）,Four arithmetic operations (I),core,official_grade; within-grade sequence flexible,EDB-PMC-2017-ZH;EDB-PMC-2017-EN,
Hong Kong Mathematics Curriculum,current,KS1,P3,Primary Mathematics,數,Number,3N5,5,分數（一）,Fractions (I),core,official_grade; within-grade sequence flexible,EDB-PMC-2017-ZH;EDB-PMC-2017-EN,
Hong Kong Mathematics Curriculum,current,KS1,P3,Primary Mathematics,度量,Measures,3M1,6,長度和距離（四）,Length and distance (IV),core,official_grade; within-grade sequence flexible,EDB-PMC-2017-ZH;EDB-PMC-2017-EN,
Hong Kong Mathematics Curriculum,current,KS1,P3,Primary Mathematics,度量,Measures,3M2,7,時間（三）,Time (III),core,official_grade; within-grade sequence flexible,EDB-PMC-2017-ZH;EDB-PMC-2017-EN,
Hong Kong Mathematics Curriculum,current,KS1,P3,Primary Mathematics,度量,Measures,3M3,8,容量,Capacity,core,official_grade; within-grade sequence flexible,EDB-PMC-2017-ZH;EDB-PMC-2017-EN,
Hong Kong Mathematics Curriculum,current,KS1,P3,Primary Mathematics,度量,Measures,3M4,9,時間（四）,Time (IV),core,official_grade; within-grade sequence flexible,EDB-PMC-2017-ZH;EDB-PMC-2017-EN,
Hong Kong Mathematics Curriculum,current,KS1,P3,Primary Mathematics,度量,Measures,3M5,10,重量,Weight,core,official_grade; within-grade sequence flexible,EDB-PMC-2017-ZH;EDB-PMC-2017-EN,
Hong Kong Mathematics Curriculum,current,KS1,P3,Primary Mathematics,圖形與空間,Shape and Space,3S1,11,四邊形（二）,Quadrilaterals (II),core,official_grade; within-grade sequence flexible,EDB-PMC-2017-ZH;EDB-PMC-2017-EN,
Hong Kong Mathematics Curriculum,current,KS1,P3,Primary Mathematics,圖形與空間,Shape and Space,3S2,12,三角形,Triangles,core,official_grade; within-grade sequence flexible,EDB-PMC-2017-ZH;EDB-PMC-2017-EN,
Hong Kong Mathematics Curriculum,current,KS1,P3,Primary Mathematics,數據處理,Data Handling,3D1,13,棒形圖（一）,Bar charts (I),core,official_grade; within-grade sequence flexible,EDB-PMC-2017-ZH;EDB-PMC-2017-EN,
Hong Kong Mathematics Curriculum,current,KS1,P3,Primary Mathematics,增潤課題,Enrichment Topics,3E1,14,繡曲線,Curve stitching,enrichment,official_grade; within-grade sequence flexible,EDB-PMC-2017-ZH;EDB-PMC-2017-EN,
Hong Kong Mathematics Curriculum,current,KS1,P3,Primary Mathematics,增潤課題,Enrichment Topics,3E2,15,地圖染色問題,The map-colouring problem,enrichment,official_grade; within-grade sequence flexible,EDB-PMC-2017-ZH;EDB-PMC-2017-EN,
Hong Kong Mathematics Curriculum,current,KS2,P4,Primary Mathematics,數,Number,4N1,1,乘法（二）,Multiplication (II),core,official_grade; within-grade sequence flexible,EDB-PMC-2017-ZH;EDB-PMC-2017-EN,
Hong Kong Mathematics Curriculum,current,KS2,P4,Primary Mathematics,數,Number,4N2,2,除法（二）,Division (II),core,official_grade; within-grade sequence flexible,EDB-PMC-2017-ZH;EDB-PMC-2017-EN,
Hong Kong Mathematics Curriculum,current,KS2,P4,Primary Mathematics,數,Number,4N3,3,倍數和因數,Multiples and factors,core,official_grade; within-grade sequence flexible,EDB-PMC-2017-ZH;EDB-PMC-2017-EN,
Hong Kong Mathematics Curriculum,current,KS2,P4,Primary Mathematics,數,Number,4N4,4,公倍數和公因數,Common multiples and common factors,core,official_grade; within-grade sequence flexible,EDB-PMC-2017-ZH;EDB-PMC-2017-EN,
Hong Kong Mathematics Curriculum,current,KS2,P4,Primary Mathematics,數,Number,4N5,5,四則運算（二）,Four arithmetic operations (II),core,official_grade; within-grade sequence flexible,EDB-PMC-2017-ZH;EDB-PMC-2017-EN,
Hong Kong Mathematics Curriculum,current,KS2,P4,Primary Mathematics,數,Number,4N6,6,分數（二）,Fractions (II),core,official_grade; within-grade sequence flexible,EDB-PMC-2017-ZH;EDB-PMC-2017-EN,
Hong Kong Mathematics Curriculum,current,KS2,P4,Primary Mathematics,數,Number,4N7,7,小數（一）,Decimals (I),core,official_grade; within-grade sequence flexible,EDB-PMC-2017-ZH;EDB-PMC-2017-EN,
Hong Kong Mathematics Curriculum,current,KS2,P4,Primary Mathematics,數,Number,4N8,8,小數（二）,Decimals (II),core,official_grade; within-grade sequence flexible,EDB-PMC-2017-ZH;EDB-PMC-2017-EN,
Hong Kong Mathematics Curriculum,current,KS2,P4,Primary Mathematics,度量,Measures,4M1,9,周界（一）,Perimeter (I),core,official_grade; within-grade sequence flexible,EDB-PMC-2017-ZH;EDB-PMC-2017-EN,
Hong Kong Mathematics Curriculum,current,KS2,P4,Primary Mathematics,度量,Measures,4M2,10,面積（一）,Area (I),core,official_grade; within-grade sequence flexible,EDB-PMC-2017-ZH;EDB-PMC-2017-EN,
Hong Kong Mathematics Curriculum,current,KS2,P4,Primary Mathematics,圖形與空間,Shape and Space,4S1,11,四邊形（三）,Quadrilaterals (III),core,official_grade; within-grade sequence flexible,EDB-PMC-2017-ZH;EDB-PMC-2017-EN,
Hong Kong Mathematics Curriculum,current,KS2,P4,Primary Mathematics,圖形與空間,Shape and Space,4S2,12,圖形分割和拼砌,Dissecting and forming shapes,core,official_grade; within-grade sequence flexible,EDB-PMC-2017-ZH;EDB-PMC-2017-EN,
Hong Kong Mathematics Curriculum,current,KS2,P4,Primary Mathematics,圖形與空間,Shape and Space,4S3,13,方向和位置（三）,Directions and positions (III),core,official_grade; within-grade sequence flexible,EDB-PMC-2017-ZH;EDB-PMC-2017-EN,
Hong Kong Mathematics Curriculum,current,KS2,P4,Primary Mathematics,數據處理,Data Handling,4D1,14,棒形圖（二）,Bar charts (II),core,official_grade; within-grade sequence flexible,EDB-PMC-2017-ZH;EDB-PMC-2017-EN,
Hong Kong Mathematics Curriculum,current,KS2,P4,Primary Mathematics,增潤課題,Enrichment Topics,4E1,15,一筆畫,Eulerian paths,enrichment,official_grade; within-grade sequence flexible,EDB-PMC-2017-ZH;EDB-PMC-2017-EN,
Hong Kong Mathematics Curriculum,current,KS2,P4,Primary Mathematics,增潤課題,Enrichment Topics,4E2,16,分類圖表,Sorting diagrams,enrichment,official_grade; within-grade sequence flexible,EDB-PMC-2017-ZH;EDB-PMC-2017-EN,
Hong Kong Mathematics Curriculum,current,KS2,P5,Primary Mathematics,數,Number,5N1,1,多位數,Multi-digit numbers,core,official_grade; within-grade sequence flexible,EDB-PMC-2017-ZH;EDB-PMC-2017-EN,
Hong Kong Mathematics Curriculum,current,KS2,P5,Primary Mathematics,數,Number,5N2,2,分數（三）,Fractions (III),core,official_grade; within-grade sequence flexible,EDB-PMC-2017-ZH;EDB-PMC-2017-EN,
Hong Kong Mathematics Curriculum,current,KS2,P5,Primary Mathematics,數,Number,5N3,3,分數（四）,Fractions (IV),core,official_grade; within-grade sequence flexible,EDB-PMC-2017-ZH;EDB-PMC-2017-EN,
Hong Kong Mathematics Curriculum,current,KS2,P5,Primary Mathematics,數,Number,5N4,4,小數（三）,Decimals (III),core,official_grade; within-grade sequence flexible,EDB-PMC-2017-ZH;EDB-PMC-2017-EN,
Hong Kong Mathematics Curriculum,current,KS2,P5,Primary Mathematics,數,Number,5N5,5,分數（五）,Fractions (V),core,official_grade; within-grade sequence flexible,EDB-PMC-2017-ZH;EDB-PMC-2017-EN,
Hong Kong Mathematics Curriculum,current,KS2,P5,Primary Mathematics,代數,Algebra,5A1,6,代數的初步認識,Elementary algebra,core,official_grade; within-grade sequence flexible,EDB-PMC-2017-ZH;EDB-PMC-2017-EN,
Hong Kong Mathematics Curriculum,current,KS2,P5,Primary Mathematics,代數,Algebra,5A2,7,簡易方程（一）,Simple equations (I),core,official_grade; within-grade sequence flexible,EDB-PMC-2017-ZH;EDB-PMC-2017-EN,
Hong Kong Mathematics Curriculum,current,KS2,P5,Primary Mathematics,度量,Measures,5M1,8,面積（二）,Area (II),core,official_grade; within-grade sequence flexible,EDB-PMC-2017-ZH;EDB-PMC-2017-EN,
Hong Kong Mathematics Curriculum,current,KS2,P5,Primary Mathematics,度量,Measures,5M2,9,體積（一）,Volume (I),core,official_grade; within-grade sequence flexible,EDB-PMC-2017-ZH;EDB-PMC-2017-EN,
Hong Kong Mathematics Curriculum,current,KS2,P5,Primary Mathematics,圖形與空間,Shape and Space,5S1,10,圓,Circles,core,official_grade; within-grade sequence flexible,EDB-PMC-2017-ZH;EDB-PMC-2017-EN,
Hong Kong Mathematics Curriculum,current,KS2,P5,Primary Mathematics,圖形與空間,Shape and Space,5S2,11,立體圖形（三）,3-D shapes (III),core,official_grade; within-grade sequence flexible,EDB-PMC-2017-ZH;EDB-PMC-2017-EN,
Hong Kong Mathematics Curriculum,current,KS2,P5,Primary Mathematics,數據處理,Data Handling,5D1,12,棒形圖（三）,Bar charts (III),core,official_grade; within-grade sequence flexible,EDB-PMC-2017-ZH;EDB-PMC-2017-EN,
Hong Kong Mathematics Curriculum,current,KS2,P5,Primary Mathematics,增潤課題,Enrichment Topics,5E1,13,中國數字和羅馬數字,Chinese numerals and Roman numerals,enrichment,official_grade; within-grade sequence flexible,EDB-PMC-2017-ZH;EDB-PMC-2017-EN,
Hong Kong Mathematics Curriculum,current,KS2,P5,Primary Mathematics,增潤課題,Enrichment Topics,5E2,14,立體圖形探究,Exploration of 3-D shapes,enrichment,official_grade; within-grade sequence flexible,EDB-PMC-2017-ZH;EDB-PMC-2017-EN,
Hong Kong Mathematics Curriculum,current,KS2,P6,Primary Mathematics,數,Number,6N1,1,小數（四）,Decimals (IV),core,official_grade; within-grade sequence flexible,EDB-PMC-2017-ZH;EDB-PMC-2017-EN,
Hong Kong Mathematics Curriculum,current,KS2,P6,Primary Mathematics,數,Number,6N2,2,小數（五）,Decimals (V),core,official_grade; within-grade sequence flexible,EDB-PMC-2017-ZH;EDB-PMC-2017-EN,
Hong Kong Mathematics Curriculum,current,KS2,P6,Primary Mathematics,數,Number,6N3,3,百分數（一）,Percentages (I),core,official_grade; within-grade sequence flexible,EDB-PMC-2017-ZH;EDB-PMC-2017-EN,
Hong Kong Mathematics Curriculum,current,KS2,P6,Primary Mathematics,數,Number,6N4,4,百分數（二）,Percentages (II),core,official_grade; within-grade sequence flexible,EDB-PMC-2017-ZH;EDB-PMC-2017-EN,
Hong Kong Mathematics Curriculum,current,KS2,P6,Primary Mathematics,代數,Algebra,6A1,5,簡易方程（二）,Simple equations (II),core,official_grade; within-grade sequence flexible,EDB-PMC-2017-ZH;EDB-PMC-2017-EN,
Hong Kong Mathematics Curriculum,current,KS2,P6,Primary Mathematics,度量,Measures,6M1,6,角（度）,Angle (degree),core,official_grade; within-grade sequence flexible,EDB-PMC-2017-ZH;EDB-PMC-2017-EN,
Hong Kong Mathematics Curriculum,current,KS2,P6,Primary Mathematics,度量,Measures,6M2,7,體積（二）,Volume (II),core,official_grade; within-grade sequence flexible,EDB-PMC-2017-ZH;EDB-PMC-2017-EN,
Hong Kong Mathematics Curriculum,current,KS2,P6,Primary Mathematics,度量,Measures,6M3,8,周界（二）,Perimeter (II),core,official_grade; within-grade sequence flexible,EDB-PMC-2017-ZH;EDB-PMC-2017-EN,
Hong Kong Mathematics Curriculum,current,KS2,P6,Primary Mathematics,度量,Measures,6M4,9,速率,Speed,core,official_grade; within-grade sequence flexible,EDB-PMC-2017-ZH;EDB-PMC-2017-EN,
Hong Kong Mathematics Curriculum,current,KS2,P6,Primary Mathematics,度量,Measures,6M5,10,面積（三）,Area (III),core,official_grade; within-grade sequence flexible,EDB-PMC-2017-ZH;EDB-PMC-2017-EN,
Hong Kong Mathematics Curriculum,current,KS2,P6,Primary Mathematics,圖形與空間,Shape and Space,6S1,11,對稱,Symmetry,core,official_grade; within-grade sequence flexible,EDB-PMC-2017-ZH;EDB-PMC-2017-EN,
Hong Kong Mathematics Curriculum,current,KS2,P6,Primary Mathematics,數據處理,Data Handling,6D1,12,平均數,Averages,core,official_grade; within-grade sequence flexible,EDB-PMC-2017-ZH;EDB-PMC-2017-EN,
Hong Kong Mathematics Curriculum,current,KS2,P6,Primary Mathematics,數據處理,Data Handling,6D2,13,折線圖,Broken line graphs,core,official_grade; within-grade sequence flexible,EDB-PMC-2017-ZH;EDB-PMC-2017-EN,
Hong Kong Mathematics Curriculum,current,KS2,P6,Primary Mathematics,數據處理,Data Handling,6D3,14,圓形圖,Pie charts,core,official_grade; within-grade sequence flexible,EDB-PMC-2017-ZH;EDB-PMC-2017-EN,
Hong Kong Mathematics Curriculum,current,KS2,P6,Primary Mathematics,數據處理,Data Handling,6D4,15,統計的應用及誤用,Uses and abuses of statistics,core,official_grade; within-grade sequence flexible,EDB-PMC-2017-ZH;EDB-PMC-2017-EN,
Hong Kong Mathematics Curriculum,current,KS2,P6,Primary Mathematics,增潤課題,Enrichment Topics,6E1,16,旋轉對稱,Rotational symmetry,enrichment,official_grade; within-grade sequence flexible,EDB-PMC-2017-ZH;EDB-PMC-2017-EN,
Hong Kong Mathematics Curriculum,current,KS2,P6,Primary Mathematics,增潤課題,Enrichment Topics,6E2,17,非十進制單位,Non-metric units,enrichment,official_grade; within-grade sequence flexible,EDB-PMC-2017-ZH;EDB-PMC-2017-EN,
Hong Kong Mathematics Curriculum,current,KS3,S1-S3,Junior Secondary Mathematics,數與代數,Number and Algebra,JS01,1,基礎計算,Basic computation,core,key-stage-only; school-based sequencing,EDB-JSMC-2017-ZH;EDB-JSMC-2017-EN,官方文件按第三學習階段列出，不應臆造固定中一、中二、中三次序。
Hong Kong Mathematics Curriculum,current,KS3,S1-S3,Junior Secondary Mathematics,數與代數,Number and Algebra,JS02,2,有向數,Directed numbers,core,key-stage-only; school-based sequencing,EDB-JSMC-2017-ZH;EDB-JSMC-2017-EN,官方文件按第三學習階段列出，不應臆造固定中一、中二、中三次序。
Hong Kong Mathematics Curriculum,current,KS3,S1-S3,Junior Secondary Mathematics,數與代數,Number and Algebra,JS03,3,近似值與數值估算,Approximate values and numerical estimation,core,key-stage-only; school-based sequencing,EDB-JSMC-2017-ZH;EDB-JSMC-2017-EN,官方文件按第三學習階段列出，不應臆造固定中一、中二、中三次序。
Hong Kong Mathematics Curriculum,current,KS3,S1-S3,Junior Secondary Mathematics,數與代數,Number and Algebra,JS04,4,有理數與無理數,Rational and irrational numbers,core,key-stage-only; school-based sequencing,EDB-JSMC-2017-ZH;EDB-JSMC-2017-EN,官方文件按第三學習階段列出，不應臆造固定中一、中二、中三次序。
Hong Kong Mathematics Curriculum,current,KS3,S1-S3,Junior Secondary Mathematics,數與代數,Number and Algebra,JS05,5,百分法,Using percentages,core,key-stage-only; school-based sequencing,EDB-JSMC-2017-ZH;EDB-JSMC-2017-EN,官方文件按第三學習階段列出，不應臆造固定中一、中二、中三次序。
Hong Kong Mathematics Curriculum,current,KS3,S1-S3,Junior Secondary Mathematics,數與代數,Number and Algebra,JS06,6,率、比及比例,"Rates, ratios and proportion",core,key-stage-only; school-based sequencing,EDB-JSMC-2017-ZH;EDB-JSMC-2017-EN,官方文件按第三學習階段列出，不應臆造固定中一、中二、中三次序。
Hong Kong Mathematics Curriculum,current,KS3,S1-S3,Junior Secondary Mathematics,數與代數,Number and Algebra,JS07,7,代數式,Algebraic expressions,core,key-stage-only; school-based sequencing,EDB-JSMC-2017-ZH;EDB-JSMC-2017-EN,官方文件按第三學習階段列出，不應臆造固定中一、中二、中三次序。
Hong Kong Mathematics Curriculum,current,KS3,S1-S3,Junior Secondary Mathematics,數與代數,Number and Algebra,JS08,8,一元一次方程,Linear equations in one unknown,core,key-stage-only; school-based sequencing,EDB-JSMC-2017-ZH;EDB-JSMC-2017-EN,官方文件按第三學習階段列出，不應臆造固定中一、中二、中三次序。
Hong Kong Mathematics Curriculum,current,KS3,S1-S3,Junior Secondary Mathematics,數與代數,Number and Algebra,JS09,9,二元一次方程,Linear equations in two unknowns,core,key-stage-only; school-based sequencing,EDB-JSMC-2017-ZH;EDB-JSMC-2017-EN,官方文件按第三學習階段列出，不應臆造固定中一、中二、中三次序。
Hong Kong Mathematics Curriculum,current,KS3,S1-S3,Junior Secondary Mathematics,數與代數,Number and Algebra,JS10,10,整數指數律,Laws of integral indices,core,key-stage-only; school-based sequencing,EDB-JSMC-2017-ZH;EDB-JSMC-2017-EN,官方文件按第三學習階段列出，不應臆造固定中一、中二、中三次序。
Hong Kong Mathematics Curriculum,current,KS3,S1-S3,Junior Secondary Mathematics,數與代數,Number and Algebra,JS11,11,多項式,Polynomials,core,key-stage-only; school-based sequencing,EDB-JSMC-2017-ZH;EDB-JSMC-2017-EN,官方文件按第三學習階段列出，不應臆造固定中一、中二、中三次序。
Hong Kong Mathematics Curriculum,current,KS3,S1-S3,Junior Secondary Mathematics,數與代數,Number and Algebra,JS12,12,恆等式,Identities,core,key-stage-only; school-based sequencing,EDB-JSMC-2017-ZH;EDB-JSMC-2017-EN,官方文件按第三學習階段列出，不應臆造固定中一、中二、中三次序。
Hong Kong Mathematics Curriculum,current,KS3,S1-S3,Junior Secondary Mathematics,數與代數,Number and Algebra,JS13,13,公式,Formulae,core,key-stage-only; school-based sequencing,EDB-JSMC-2017-ZH;EDB-JSMC-2017-EN,官方文件按第三學習階段列出，不應臆造固定中一、中二、中三次序。
Hong Kong Mathematics Curriculum,current,KS3,S1-S3,Junior Secondary Mathematics,數與代數,Number and Algebra,JS14,14,一元一次不等式,Linear inequalities in one unknown,core,key-stage-only; school-based sequencing,EDB-JSMC-2017-ZH;EDB-JSMC-2017-EN,官方文件按第三學習階段列出，不應臆造固定中一、中二、中三次序。
Hong Kong Mathematics Curriculum,current,KS3,S1-S3,Junior Secondary Mathematics,度量、圖形與空間,"Measures, Shape and Space",JS15,15,量度的誤差,Errors in measurement,core,key-stage-only; school-based sequencing,EDB-JSMC-2017-ZH;EDB-JSMC-2017-EN,官方文件按第三學習階段列出，不應臆造固定中一、中二、中三次序。
Hong Kong Mathematics Curriculum,current,KS3,S1-S3,Junior Secondary Mathematics,度量、圖形與空間,"Measures, Shape and Space",JS16,16,弧長和扇形面積,Arc lengths and areas of sectors,core,key-stage-only; school-based sequencing,EDB-JSMC-2017-ZH;EDB-JSMC-2017-EN,官方文件按第三學習階段列出，不應臆造固定中一、中二、中三次序。
Hong Kong Mathematics Curriculum,current,KS3,S1-S3,Junior Secondary Mathematics,度量、圖形與空間,"Measures, Shape and Space",JS17,17,立體圖形,3-D figures,core,key-stage-only; school-based sequencing,EDB-JSMC-2017-ZH;EDB-JSMC-2017-EN,官方文件按第三學習階段列出，不應臆造固定中一、中二、中三次序。
Hong Kong Mathematics Curriculum,current,KS3,S1-S3,Junior Secondary Mathematics,度量、圖形與空間,"Measures, Shape and Space",JS18,18,求積法,Mensuration,core,key-stage-only; school-based sequencing,EDB-JSMC-2017-ZH;EDB-JSMC-2017-EN,官方文件按第三學習階段列出，不應臆造固定中一、中二、中三次序。
Hong Kong Mathematics Curriculum,current,KS3,S1-S3,Junior Secondary Mathematics,度量、圖形與空間,"Measures, Shape and Space",JS19,19,角和平行線,Angles and parallel lines,core,key-stage-only; school-based sequencing,EDB-JSMC-2017-ZH;EDB-JSMC-2017-EN,官方文件按第三學習階段列出，不應臆造固定中一、中二、中三次序。
Hong Kong Mathematics Curriculum,current,KS3,S1-S3,Junior Secondary Mathematics,度量、圖形與空間,"Measures, Shape and Space",JS20,20,多邊形,Polygons,core,key-stage-only; school-based sequencing,EDB-JSMC-2017-ZH;EDB-JSMC-2017-EN,官方文件按第三學習階段列出，不應臆造固定中一、中二、中三次序。
Hong Kong Mathematics Curriculum,current,KS3,S1-S3,Junior Secondary Mathematics,度量、圖形與空間,"Measures, Shape and Space",JS21,21,全等三角形,Congruent triangles,core,key-stage-only; school-based sequencing,EDB-JSMC-2017-ZH;EDB-JSMC-2017-EN,官方文件按第三學習階段列出，不應臆造固定中一、中二、中三次序。
Hong Kong Mathematics Curriculum,current,KS3,S1-S3,Junior Secondary Mathematics,度量、圖形與空間,"Measures, Shape and Space",JS22,22,相似三角形,Similar triangles,core,key-stage-only; school-based sequencing,EDB-JSMC-2017-ZH;EDB-JSMC-2017-EN,官方文件按第三學習階段列出，不應臆造固定中一、中二、中三次序。
Hong Kong Mathematics Curriculum,current,KS3,S1-S3,Junior Secondary Mathematics,度量、圖形與空間,"Measures, Shape and Space",JS23,23,四邊形,Quadrilaterals,core,key-stage-only; school-based sequencing,EDB-JSMC-2017-ZH;EDB-JSMC-2017-EN,官方文件按第三學習階段列出，不應臆造固定中一、中二、中三次序。
Hong Kong Mathematics Curriculum,current,KS3,S1-S3,Junior Secondary Mathematics,度量、圖形與空間,"Measures, Shape and Space",JS24,24,三角形的心,Centres of triangles,core,key-stage-only; school-based sequencing,EDB-JSMC-2017-ZH;EDB-JSMC-2017-EN,官方文件按第三學習階段列出，不應臆造固定中一、中二、中三次序。
Hong Kong Mathematics Curriculum,current,KS3,S1-S3,Junior Secondary Mathematics,度量、圖形與空間,"Measures, Shape and Space",JS25,25,畢氏定理,Pythagoras' theorem,core,key-stage-only; school-based sequencing,EDB-JSMC-2017-ZH;EDB-JSMC-2017-EN,官方文件按第三學習階段列出，不應臆造固定中一、中二、中三次序。
Hong Kong Mathematics Curriculum,current,KS3,S1-S3,Junior Secondary Mathematics,度量、圖形與空間,"Measures, Shape and Space",JS26,26,直角坐標系,Rectangular coordinate system,core,key-stage-only; school-based sequencing,EDB-JSMC-2017-ZH;EDB-JSMC-2017-EN,官方文件按第三學習階段列出，不應臆造固定中一、中二、中三次序。
Hong Kong Mathematics Curriculum,current,KS3,S1-S3,Junior Secondary Mathematics,度量、圖形與空間,"Measures, Shape and Space",JS27,27,三角學,Trigonometry,core,key-stage-only; school-based sequencing,EDB-JSMC-2017-ZH;EDB-JSMC-2017-EN,官方文件按第三學習階段列出，不應臆造固定中一、中二、中三次序。
Hong Kong Mathematics Curriculum,current,KS3,S1-S3,Junior Secondary Mathematics,數據處理,Data Handling,JS28,28,數據的組織,Organisation of data,core,key-stage-only; school-based sequencing,EDB-JSMC-2017-ZH;EDB-JSMC-2017-EN,官方文件按第三學習階段列出，不應臆造固定中一、中二、中三次序。
Hong Kong Mathematics Curriculum,current,KS3,S1-S3,Junior Secondary Mathematics,數據處理,Data Handling,JS29,29,數據的表達,Presentation of data,core,key-stage-only; school-based sequencing,EDB-JSMC-2017-ZH;EDB-JSMC-2017-EN,官方文件按第三學習階段列出，不應臆造固定中一、中二、中三次序。
Hong Kong Mathematics Curriculum,current,KS3,S1-S3,Junior Secondary Mathematics,數據處理,Data Handling,JS30,30,集中趨勢的度量,Measures of central tendency,core,key-stage-only; school-based sequencing,EDB-JSMC-2017-ZH;EDB-JSMC-2017-EN,官方文件按第三學習階段列出，不應臆造固定中一、中二、中三次序。
Hong Kong Mathematics Curriculum,current,KS3,S1-S3,Junior Secondary Mathematics,數據處理,Data Handling,JS31,31,概率,Probability,core,key-stage-only; school-based sequencing,EDB-JSMC-2017-ZH;EDB-JSMC-2017-EN,官方文件按第三學習階段列出，不應臆造固定中一、中二、中三次序。
Hong Kong Mathematics Curriculum,current,KS3,S1-S3,Junior Secondary Mathematics,進階學習單位,Further Learning Unit,JS32,32,探索與研究,Inquiry and investigation,further_learning,key-stage-only; school-based sequencing,EDB-JSMC-2017-ZH;EDB-JSMC-2017-EN,官方文件按第三學習階段列出，不應臆造固定中一、中二、中三次序。
Hong Kong Mathematics Curriculum,current,KS4,S4-S6,Compulsory Part,數與代數,Number and Algebra,CP01,1,一元二次方程,Quadratic equations in one unknown,core,key-stage-only; school-based sequencing,EDB-SSMC-2017-ZH;EDB-SSMC-2017-EN;EDB-SS-CP-2021-ZH;EDB-SS-CP-2021-EN,修訂必修課程自 2023/24 學年中四起逐年推行。
Hong Kong Mathematics Curriculum,current,KS4,S4-S6,Compulsory Part,數與代數,Number and Algebra,CP02,2,函數及其圖像,Functions and graphs,core,key-stage-only; school-based sequencing,EDB-SSMC-2017-ZH;EDB-SSMC-2017-EN;EDB-SS-CP-2021-ZH;EDB-SS-CP-2021-EN,修訂必修課程自 2023/24 學年中四起逐年推行。
Hong Kong Mathematics Curriculum,current,KS4,S4-S6,Compulsory Part,數與代數,Number and Algebra,CP03,3,指數函數與對數函數,Exponential and logarithmic functions,core,key-stage-only; school-based sequencing,EDB-SSMC-2017-ZH;EDB-SSMC-2017-EN;EDB-SS-CP-2021-ZH;EDB-SS-CP-2021-EN,修訂必修課程自 2023/24 學年中四起逐年推行。
Hong Kong Mathematics Curriculum,current,KS4,S4-S6,Compulsory Part,數與代數,Number and Algebra,CP04,4,續多項式,More about polynomials,core,key-stage-only; school-based sequencing,EDB-SSMC-2017-ZH;EDB-SSMC-2017-EN;EDB-SS-CP-2021-ZH;EDB-SS-CP-2021-EN,修訂必修課程自 2023/24 學年中四起逐年推行。
Hong Kong Mathematics Curriculum,current,KS4,S4-S6,Compulsory Part,數與代數,Number and Algebra,CP05,5,續方程,More about equations,core,key-stage-only; school-based sequencing,EDB-SSMC-2017-ZH;EDB-SSMC-2017-EN;EDB-SS-CP-2021-ZH;EDB-SS-CP-2021-EN,修訂必修課程自 2023/24 學年中四起逐年推行。
Hong Kong Mathematics Curriculum,current,KS4,S4-S6,Compulsory Part,數與代數,Number and Algebra,CP06,6,變分,Variations,core,key-stage-only; school-based sequencing,EDB-SSMC-2017-ZH;EDB-SSMC-2017-EN;EDB-SS-CP-2021-ZH;EDB-SS-CP-2021-EN,修訂必修課程自 2023/24 學年中四起逐年推行。
Hong Kong Mathematics Curriculum,current,KS4,S4-S6,Compulsory Part,數與代數,Number and Algebra,CP07,7,等差數列與等比數列及其求和法,Arithmetic and geometric sequences and their summations,core,key-stage-only; school-based sequencing,EDB-SSMC-2017-ZH;EDB-SSMC-2017-EN;EDB-SS-CP-2021-ZH;EDB-SS-CP-2021-EN,修訂必修課程自 2023/24 學年中四起逐年推行。
Hong Kong Mathematics Curriculum,current,KS4,S4-S6,Compulsory Part,數與代數,Number and Algebra,CP08,8,不等式與線性規畫,Inequalities and linear programming,core,key-stage-only; school-based sequencing,EDB-SSMC-2017-ZH;EDB-SSMC-2017-EN;EDB-SS-CP-2021-ZH;EDB-SS-CP-2021-EN,修訂必修課程自 2023/24 學年中四起逐年推行。
Hong Kong Mathematics Curriculum,current,KS4,S4-S6,Compulsory Part,數與代數,Number and Algebra,CP09,9,續函數圖像,More about graphs of functions,core,key-stage-only; school-based sequencing,EDB-SSMC-2017-ZH;EDB-SSMC-2017-EN;EDB-SS-CP-2021-ZH;EDB-SS-CP-2021-EN,修訂必修課程自 2023/24 學年中四起逐年推行。
Hong Kong Mathematics Curriculum,current,KS4,S4-S6,Compulsory Part,度量、圖形與空間,"Measures, Shape and Space",CP10,10,直線方程,Equations of straight lines,core,key-stage-only; school-based sequencing,EDB-SSMC-2017-ZH;EDB-SSMC-2017-EN;EDB-SS-CP-2021-ZH;EDB-SS-CP-2021-EN,修訂必修課程自 2023/24 學年中四起逐年推行。
Hong Kong Mathematics Curriculum,current,KS4,S4-S6,Compulsory Part,度量、圖形與空間,"Measures, Shape and Space",CP11,11,圓的基本性質,Basic properties of circles,core,key-stage-only; school-based sequencing,EDB-SSMC-2017-ZH;EDB-SSMC-2017-EN;EDB-SS-CP-2021-ZH;EDB-SS-CP-2021-EN,修訂必修課程自 2023/24 學年中四起逐年推行。
Hong Kong Mathematics Curriculum,current,KS4,S4-S6,Compulsory Part,度量、圖形與空間,"Measures, Shape and Space",CP12,12,軌跡,Loci,core,key-stage-only; school-based sequencing,EDB-SSMC-2017-ZH;EDB-SSMC-2017-EN;EDB-SS-CP-2021-ZH;EDB-SS-CP-2021-EN,修訂必修課程自 2023/24 學年中四起逐年推行。
Hong Kong Mathematics Curriculum,current,KS4,S4-S6,Compulsory Part,度量、圖形與空間,"Measures, Shape and Space",CP13,13,圓方程,Equations of circles,core,key-stage-only; school-based sequencing,EDB-SSMC-2017-ZH;EDB-SSMC-2017-EN;EDB-SS-CP-2021-ZH;EDB-SS-CP-2021-EN,修訂必修課程自 2023/24 學年中四起逐年推行。
Hong Kong Mathematics Curriculum,current,KS4,S4-S6,Compulsory Part,度量、圖形與空間,"Measures, Shape and Space",CP14,14,續三角學,More about trigonometry,core,key-stage-only; school-based sequencing,EDB-SSMC-2017-ZH;EDB-SSMC-2017-EN;EDB-SS-CP-2021-ZH;EDB-SS-CP-2021-EN,修訂必修課程自 2023/24 學年中四起逐年推行。
Hong Kong Mathematics Curriculum,current,KS4,S4-S6,Compulsory Part,數據處理,Data Handling,CP15,15,排列與組合,Permutations and combinations,core,key-stage-only; school-based sequencing,EDB-SSMC-2017-ZH;EDB-SSMC-2017-EN;EDB-SS-CP-2021-ZH;EDB-SS-CP-2021-EN,修訂必修課程自 2023/24 學年中四起逐年推行。
Hong Kong Mathematics Curriculum,current,KS4,S4-S6,Compulsory Part,數據處理,Data Handling,CP16,16,續概率,More about probability,core,key-stage-only; school-based sequencing,EDB-SSMC-2017-ZH;EDB-SSMC-2017-EN;EDB-SS-CP-2021-ZH;EDB-SS-CP-2021-EN,修訂必修課程自 2023/24 學年中四起逐年推行。
Hong Kong Mathematics Curriculum,current,KS4,S4-S6,Compulsory Part,數據處理,Data Handling,CP17,17,離差的度量,Measures of dispersion,core,key-stage-only; school-based sequencing,EDB-SSMC-2017-ZH;EDB-SSMC-2017-EN;EDB-SS-CP-2021-ZH;EDB-SS-CP-2021-EN,修訂必修課程自 2023/24 學年中四起逐年推行。
Hong Kong Mathematics Curriculum,current,KS4,S4-S6,Compulsory Part,數據處理,Data Handling,CP18,18,統計的應用及誤用,Uses and abuses of statistics,core,key-stage-only; school-based sequencing,EDB-SSMC-2017-ZH;EDB-SSMC-2017-EN;EDB-SS-CP-2021-ZH;EDB-SS-CP-2021-EN,修訂必修課程自 2023/24 學年中四起逐年推行。
Hong Kong Mathematics Curriculum,current,KS4,S4-S6,Compulsory Part,進階學習單位,Further Learning Unit,CP19,19,進階應用,Further applications,further_learning,key-stage-only; school-based sequencing,EDB-SSMC-2017-ZH;EDB-SSMC-2017-EN;EDB-SS-CP-2021-ZH;EDB-SS-CP-2021-EN,修訂必修課程自 2023/24 學年中四起逐年推行。
Hong Kong Mathematics Curriculum,current,KS4,S4-S6,Compulsory Part,進階學習單位,Further Learning Unit,CP20,20,探索與研究,Inquiry and investigation,further_learning,key-stage-only; school-based sequencing,EDB-SSMC-2017-ZH;EDB-SSMC-2017-EN;EDB-SS-CP-2021-ZH;EDB-SS-CP-2021-EN,修訂必修課程自 2023/24 學年中四起逐年推行。
Hong Kong Mathematics Curriculum,current,KS4,S4-S6,M1 Calculus and Statistics,基礎知識,Foundation Knowledge,M1-01,1,二項展式,Binomial expansion,core,key-stage-only; school-based sequencing,EDB-SSMC-2017-ZH;EDB-SSMC-2017-EN;EDB-SS-M1-2018-ZH;EDB-SS-M1-2018-EN,修訂延伸部分自 2019/20 學年中四起逐年推行。
Hong Kong Mathematics Curriculum,current,KS4,S4-S6,M1 Calculus and Statistics,基礎知識,Foundation Knowledge,M1-02,2,指數函數和對數函數,Exponential and logarithmic functions,core,key-stage-only; school-based sequencing,EDB-SSMC-2017-ZH;EDB-SSMC-2017-EN;EDB-SS-M1-2018-ZH;EDB-SS-M1-2018-EN,修訂延伸部分自 2019/20 學年中四起逐年推行。
Hong Kong Mathematics Curriculum,current,KS4,S4-S6,M1 Calculus and Statistics,微積分,Calculus,M1-03,3,函數的導數,Derivative of a function,core,key-stage-only; school-based sequencing,EDB-SSMC-2017-ZH;EDB-SSMC-2017-EN;EDB-SS-M1-2018-ZH;EDB-SS-M1-2018-EN,修訂延伸部分自 2019/20 學年中四起逐年推行。
Hong Kong Mathematics Curriculum,current,KS4,S4-S6,M1 Calculus and Statistics,微積分,Calculus,M1-04,4,函數的求導法,Differentiation of a function,core,key-stage-only; school-based sequencing,EDB-SSMC-2017-ZH;EDB-SSMC-2017-EN;EDB-SS-M1-2018-ZH;EDB-SS-M1-2018-EN,修訂延伸部分自 2019/20 學年中四起逐年推行。
Hong Kong Mathematics Curriculum,current,KS4,S4-S6,M1 Calculus and Statistics,微積分,Calculus,M1-05,5,二階導數,Second derivative,core,key-stage-only; school-based sequencing,EDB-SSMC-2017-ZH;EDB-SSMC-2017-EN;EDB-SS-M1-2018-ZH;EDB-SS-M1-2018-EN,修訂延伸部分自 2019/20 學年中四起逐年推行。
Hong Kong Mathematics Curriculum,current,KS4,S4-S6,M1 Calculus and Statistics,微積分,Calculus,M1-06,6,求導法的應用,Applications of differentiation,core,key-stage-only; school-based sequencing,EDB-SSMC-2017-ZH;EDB-SSMC-2017-EN;EDB-SS-M1-2018-ZH;EDB-SS-M1-2018-EN,修訂延伸部分自 2019/20 學年中四起逐年推行。
Hong Kong Mathematics Curriculum,current,KS4,S4-S6,M1 Calculus and Statistics,微積分,Calculus,M1-07,7,不定積分法及其應用,Indefinite integration and its applications,core,key-stage-only; school-based sequencing,EDB-SSMC-2017-ZH;EDB-SSMC-2017-EN;EDB-SS-M1-2018-ZH;EDB-SS-M1-2018-EN,修訂延伸部分自 2019/20 學年中四起逐年推行。
Hong Kong Mathematics Curriculum,current,KS4,S4-S6,M1 Calculus and Statistics,微積分,Calculus,M1-08,8,定積分法及其應用,Definite integration and its applications,core,key-stage-only; school-based sequencing,EDB-SSMC-2017-ZH;EDB-SSMC-2017-EN;EDB-SS-M1-2018-ZH;EDB-SS-M1-2018-EN,修訂延伸部分自 2019/20 學年中四起逐年推行。
Hong Kong Mathematics Curriculum,current,KS4,S4-S6,M1 Calculus and Statistics,微積分,Calculus,M1-09,9,運用梯形法則計算定積分的近似值,Approximation of definite integrals using the trapezoidal rule,core,key-stage-only; school-based sequencing,EDB-SSMC-2017-ZH;EDB-SSMC-2017-EN;EDB-SS-M1-2018-ZH;EDB-SS-M1-2018-EN,修訂延伸部分自 2019/20 學年中四起逐年推行。
Hong Kong Mathematics Curriculum,current,KS4,S4-S6,M1 Calculus and Statistics,統計,Statistics,M1-10,10,條件概率和貝葉斯定理,Conditional probability and Bayes' theorem,core,key-stage-only; school-based sequencing,EDB-SSMC-2017-ZH;EDB-SSMC-2017-EN;EDB-SS-M1-2018-ZH;EDB-SS-M1-2018-EN,修訂延伸部分自 2019/20 學年中四起逐年推行。
Hong Kong Mathematics Curriculum,current,KS4,S4-S6,M1 Calculus and Statistics,統計,Statistics,M1-11,11,離散隨機變量,Discrete random variables,core,key-stage-only; school-based sequencing,EDB-SSMC-2017-ZH;EDB-SSMC-2017-EN;EDB-SS-M1-2018-ZH;EDB-SS-M1-2018-EN,修訂延伸部分自 2019/20 學年中四起逐年推行。
Hong Kong Mathematics Curriculum,current,KS4,S4-S6,M1 Calculus and Statistics,統計,Statistics,M1-12,12,概率分佈、期望值和方差,"Probability distribution, expectation and variance",core,key-stage-only; school-based sequencing,EDB-SSMC-2017-ZH;EDB-SSMC-2017-EN;EDB-SS-M1-2018-ZH;EDB-SS-M1-2018-EN,修訂延伸部分自 2019/20 學年中四起逐年推行。
Hong Kong Mathematics Curriculum,current,KS4,S4-S6,M1 Calculus and Statistics,統計,Statistics,M1-13,13,二項分佈,The binomial distribution,core,key-stage-only; school-based sequencing,EDB-SSMC-2017-ZH;EDB-SSMC-2017-EN;EDB-SS-M1-2018-ZH;EDB-SS-M1-2018-EN,修訂延伸部分自 2019/20 學年中四起逐年推行。
Hong Kong Mathematics Curriculum,current,KS4,S4-S6,M1 Calculus and Statistics,統計,Statistics,M1-14,14,泊松分佈,The Poisson distribution,core,key-stage-only; school-based sequencing,EDB-SSMC-2017-ZH;EDB-SSMC-2017-EN;EDB-SS-M1-2018-ZH;EDB-SS-M1-2018-EN,修訂延伸部分自 2019/20 學年中四起逐年推行。
Hong Kong Mathematics Curriculum,current,KS4,S4-S6,M1 Calculus and Statistics,統計,Statistics,M1-15,15,二項分佈和泊松分佈的應用,Applications of the binomial and the Poisson distributions,core,key-stage-only; school-based sequencing,EDB-SSMC-2017-ZH;EDB-SSMC-2017-EN;EDB-SS-M1-2018-ZH;EDB-SS-M1-2018-EN,修訂延伸部分自 2019/20 學年中四起逐年推行。
Hong Kong Mathematics Curriculum,current,KS4,S4-S6,M1 Calculus and Statistics,統計,Statistics,M1-16,16,正態分佈的基本定義及其性質,Basic definition and properties of normal distribution,core,key-stage-only; school-based sequencing,EDB-SSMC-2017-ZH;EDB-SSMC-2017-EN;EDB-SS-M1-2018-ZH;EDB-SS-M1-2018-EN,修訂延伸部分自 2019/20 學年中四起逐年推行。
Hong Kong Mathematics Curriculum,current,KS4,S4-S6,M1 Calculus and Statistics,統計,Statistics,M1-17,17,正態變量的標準化及標準正態分佈表的運用,Standardisation of a normal variable and use of the standard normal table,core,key-stage-only; school-based sequencing,EDB-SSMC-2017-ZH;EDB-SSMC-2017-EN;EDB-SS-M1-2018-ZH;EDB-SS-M1-2018-EN,修訂延伸部分自 2019/20 學年中四起逐年推行。
Hong Kong Mathematics Curriculum,current,KS4,S4-S6,M1 Calculus and Statistics,統計,Statistics,M1-18,18,正態分佈的應用,Applications of the normal distribution,core,key-stage-only; school-based sequencing,EDB-SSMC-2017-ZH;EDB-SSMC-2017-EN;EDB-SS-M1-2018-ZH;EDB-SS-M1-2018-EN,修訂延伸部分自 2019/20 學年中四起逐年推行。
Hong Kong Mathematics Curriculum,current,KS4,S4-S6,M1 Calculus and Statistics,統計,Statistics,M1-19,19,抽樣分佈和點估計,Sampling distribution and point estimates,core,key-stage-only; school-based sequencing,EDB-SSMC-2017-ZH;EDB-SSMC-2017-EN;EDB-SS-M1-2018-ZH;EDB-SS-M1-2018-EN,修訂延伸部分自 2019/20 學年中四起逐年推行。
Hong Kong Mathematics Curriculum,current,KS4,S4-S6,M1 Calculus and Statistics,統計,Statistics,M1-20,20,總體平均值的置信區間,Confidence interval for a population mean,core,key-stage-only; school-based sequencing,EDB-SSMC-2017-ZH;EDB-SSMC-2017-EN;EDB-SS-M1-2018-ZH;EDB-SS-M1-2018-EN,修訂延伸部分自 2019/20 學年中四起逐年推行。
Hong Kong Mathematics Curriculum,current,KS4,S4-S6,M1 Calculus and Statistics,進階學習單位,Further Learning Unit,M1-21,21,探索與研究,Inquiry and investigation,further_learning,key-stage-only; school-based sequencing,EDB-SSMC-2017-ZH;EDB-SSMC-2017-EN;EDB-SS-M1-2018-ZH;EDB-SS-M1-2018-EN,修訂延伸部分自 2019/20 學年中四起逐年推行。
Hong Kong Mathematics Curriculum,current,KS4,S4-S6,M2 Algebra and Calculus,基礎知識,Foundation Knowledge,M2-01,1,奇函數和偶函數,Odd and even functions,core,key-stage-only; school-based sequencing,EDB-SSMC-2017-ZH;EDB-SSMC-2017-EN;EDB-SS-M2-2018-ZH;EDB-SS-M2-2018-EN,修訂延伸部分自 2019/20 學年中四起逐年推行。
Hong Kong Mathematics Curriculum,current,KS4,S4-S6,M2 Algebra and Calculus,基礎知識,Foundation Knowledge,M2-02,2,數學歸納法,Mathematical induction,core,key-stage-only; school-based sequencing,EDB-SSMC-2017-ZH;EDB-SSMC-2017-EN;EDB-SS-M2-2018-ZH;EDB-SS-M2-2018-EN,修訂延伸部分自 2019/20 學年中四起逐年推行。
Hong Kong Mathematics Curriculum,current,KS4,S4-S6,M2 Algebra and Calculus,基礎知識,Foundation Knowledge,M2-03,3,二項式定理,The binomial theorem,core,key-stage-only; school-based sequencing,EDB-SSMC-2017-ZH;EDB-SSMC-2017-EN;EDB-SS-M2-2018-ZH;EDB-SS-M2-2018-EN,修訂延伸部分自 2019/20 學年中四起逐年推行。
Hong Kong Mathematics Curriculum,current,KS4,S4-S6,M2 Algebra and Calculus,基礎知識,Foundation Knowledge,M2-04,4,續三角函數,More about trigonometric functions,core,key-stage-only; school-based sequencing,EDB-SSMC-2017-ZH;EDB-SSMC-2017-EN;EDB-SS-M2-2018-ZH;EDB-SS-M2-2018-EN,修訂延伸部分自 2019/20 學年中四起逐年推行。
Hong Kong Mathematics Curriculum,current,KS4,S4-S6,M2 Algebra and Calculus,基礎知識,Foundation Knowledge,M2-05,5,e 的簡介,Introduction to e,core,key-stage-only; school-based sequencing,EDB-SSMC-2017-ZH;EDB-SSMC-2017-EN;EDB-SS-M2-2018-ZH;EDB-SS-M2-2018-EN,修訂延伸部分自 2019/20 學年中四起逐年推行。
Hong Kong Mathematics Curriculum,current,KS4,S4-S6,M2 Algebra and Calculus,微積分,Calculus,M2-06,6,極限,Limits,core,key-stage-only; school-based sequencing,EDB-SSMC-2017-ZH;EDB-SSMC-2017-EN;EDB-SS-M2-2018-ZH;EDB-SS-M2-2018-EN,修訂延伸部分自 2019/20 學年中四起逐年推行。
Hong Kong Mathematics Curriculum,current,KS4,S4-S6,M2 Algebra and Calculus,微積分,Calculus,M2-07,7,求導法,Differentiation,core,key-stage-only; school-based sequencing,EDB-SSMC-2017-ZH;EDB-SSMC-2017-EN;EDB-SS-M2-2018-ZH;EDB-SS-M2-2018-EN,修訂延伸部分自 2019/20 學年中四起逐年推行。
Hong Kong Mathematics Curriculum,current,KS4,S4-S6,M2 Algebra and Calculus,微積分,Calculus,M2-08,8,求導法的應用,Applications of differentiation,core,key-stage-only; school-based sequencing,EDB-SSMC-2017-ZH;EDB-SSMC-2017-EN;EDB-SS-M2-2018-ZH;EDB-SS-M2-2018-EN,修訂延伸部分自 2019/20 學年中四起逐年推行。
Hong Kong Mathematics Curriculum,current,KS4,S4-S6,M2 Algebra and Calculus,微積分,Calculus,M2-09,9,不定積分法及其應用,Indefinite integration and its applications,core,key-stage-only; school-based sequencing,EDB-SSMC-2017-ZH;EDB-SSMC-2017-EN;EDB-SS-M2-2018-ZH;EDB-SS-M2-2018-EN,修訂延伸部分自 2019/20 學年中四起逐年推行。
Hong Kong Mathematics Curriculum,current,KS4,S4-S6,M2 Algebra and Calculus,微積分,Calculus,M2-10,10,定積分法,Definite integration,core,key-stage-only; school-based sequencing,EDB-SSMC-2017-ZH;EDB-SSMC-2017-EN;EDB-SS-M2-2018-ZH;EDB-SS-M2-2018-EN,修訂延伸部分自 2019/20 學年中四起逐年推行。
Hong Kong Mathematics Curriculum,current,KS4,S4-S6,M2 Algebra and Calculus,微積分,Calculus,M2-11,11,定積分法的應用,Applications of definite integration,core,key-stage-only; school-based sequencing,EDB-SSMC-2017-ZH;EDB-SSMC-2017-EN;EDB-SS-M2-2018-ZH;EDB-SS-M2-2018-EN,修訂延伸部分自 2019/20 學年中四起逐年推行。
Hong Kong Mathematics Curriculum,current,KS4,S4-S6,M2 Algebra and Calculus,代數,Algebra,M2-12,12,行列式,Determinants,core,key-stage-only; school-based sequencing,EDB-SSMC-2017-ZH;EDB-SSMC-2017-EN;EDB-SS-M2-2018-ZH;EDB-SS-M2-2018-EN,修訂延伸部分自 2019/20 學年中四起逐年推行。
Hong Kong Mathematics Curriculum,current,KS4,S4-S6,M2 Algebra and Calculus,代數,Algebra,M2-13,13,矩陣,Matrices,core,key-stage-only; school-based sequencing,EDB-SSMC-2017-ZH;EDB-SSMC-2017-EN;EDB-SS-M2-2018-ZH;EDB-SS-M2-2018-EN,修訂延伸部分自 2019/20 學年中四起逐年推行。
Hong Kong Mathematics Curriculum,current,KS4,S4-S6,M2 Algebra and Calculus,代數,Algebra,M2-14,14,線性方程組,Systems of linear equations,core,key-stage-only; school-based sequencing,EDB-SSMC-2017-ZH;EDB-SSMC-2017-EN;EDB-SS-M2-2018-ZH;EDB-SS-M2-2018-EN,修訂延伸部分自 2019/20 學年中四起逐年推行。
Hong Kong Mathematics Curriculum,current,KS4,S4-S6,M2 Algebra and Calculus,代數,Algebra,M2-15,15,向量的簡介,Introduction to vectors,core,key-stage-only; school-based sequencing,EDB-SSMC-2017-ZH;EDB-SSMC-2017-EN;EDB-SS-M2-2018-ZH;EDB-SS-M2-2018-EN,修訂延伸部分自 2019/20 學年中四起逐年推行。
Hong Kong Mathematics Curriculum,current,KS4,S4-S6,M2 Algebra and Calculus,代數,Algebra,M2-16,16,純量積與向量積,Scalar product and vector product,core,key-stage-only; school-based sequencing,EDB-SSMC-2017-ZH;EDB-SSMC-2017-EN;EDB-SS-M2-2018-ZH;EDB-SS-M2-2018-EN,修訂延伸部分自 2019/20 學年中四起逐年推行。
Hong Kong Mathematics Curriculum,current,KS4,S4-S6,M2 Algebra and Calculus,代數,Algebra,M2-17,17,向量的應用,Applications of vectors,core,key-stage-only; school-based sequencing,EDB-SSMC-2017-ZH;EDB-SSMC-2017-EN;EDB-SS-M2-2018-ZH;EDB-SS-M2-2018-EN,修訂延伸部分自 2019/20 學年中四起逐年推行。
Hong Kong Mathematics Curriculum,current,KS4,S4-S6,M2 Algebra and Calculus,進階學習單位,Further Learning Unit,M2-18,18,探索與研究,Inquiry and investigation,further_learning,key-stage-only; school-based sequencing,EDB-SSMC-2017-ZH;EDB-SSMC-2017-EN;EDB-SS-M2-2018-ZH;EDB-SS-M2-2018-EN,修訂延伸部分自 2019/20 學年中四起逐年推行。
